{
  "condition": "condition_g_distillation",
  "gsm8k_pass_at_1": 0.3062926459438969,
  "gsm8k_pass_at_k": 0.3062926459438969,
  "gsm8k_hard_pass_at_1": 0.08112206216830932
}