{
  "condition": "condition_c_inserted_rl",
  "gsm8k_pass_at_1": 0.5026535253980288,
  "gsm8k_hard_pass_at_1": 0.15921152388172857
}