{
  "condition": "condition_d_inserted_sft_4layers",
  "gsm8k_pass_at_1": 0.35633055344958303,
  "gsm8k_pass_at_k": 0.35633055344958303,
  "gsm8k_hard_pass_at_1": 0.09855951478392722
}