{
  "condition": "condition_b_lora_rl",
  "gsm8k_pass_at_1": 0.3206974981046247,
  "gsm8k_pass_at_k": 0.3206974981046247,
  "gsm8k_hard_pass_at_1": 0.0932524639878696
}