{
  "condition": "condition_d_inserted_sft",
  "gsm8k_pass_at_1": 0.5943896891584534,
  "gsm8k_pass_at_k": 0.5943896891584534,
  "gsm8k_hard_pass_at_1": 0.20697498104624715
}