{
  "condition": "condition_b_lora_rl",
  "gsm8k_pass_at_1": 0.5974222896133434,
  "gsm8k_hard_pass_at_1": 0.22365428354814254
}