{
  "condition": "condition_g_distillation",
  "gsm8k_pass_at_1": 0.288855193328279,
  "gsm8k_pass_at_k": 0.288855193328279,
  "gsm8k_hard_pass_at_1": 0.07657316148597422
}