{
  "condition": "condition_d_inserted_sft_2layers",
  "gsm8k_pass_at_1": 0.31842304776345715,
  "gsm8k_pass_at_k": 0.31842304776345715,
  "gsm8k_hard_pass_at_1": 0.09021986353297953
}